{"cameraMode":{"drawMode":0,"name":"Shaded","section":"Shading Mode"},"sceneLighting":false,"audioPlay":false,"sceneViewState":{"m_AlwaysRefresh":false,"showFog":true,"showSkybox":false,"showFlares":true,"showImageEffects":true,"showParticleSystems":true,"showVisualEffectGraphs":true,"m_FxEnabled":true},"in2DMode":false,"pivot":{"x":0.11581386625766754,"y":0.3228977620601654,"z":0.5013282895088196},"rotation":{"x":0.023862335830926896,"y":0.7481476664543152,"z":0.026945127174258233,"w":-0.6625562906265259},"size":1.6879003047943116,"orthographic":true}