{"cameraMode":{"drawMode":0,"name":"Shaded","section":"Shading Mode"},"sceneLighting":false,"audioPlay":false,"sceneViewState":{"m_AlwaysRefresh":false,"showFog":true,"showSkybox":false,"showFlares":true,"showImageEffects":true,"showParticleSystems":true,"showVisualEffectGraphs":true,"m_FxEnabled":true},"in2DMode":false,"pivot":{"x":0.11581386625766754,"y":0.3228977620601654,"z":0.5013282895088196},"rotation":{"x":-0.12443850934505463,"y":0.8553089499473572,"z":-0.24113957583904267,"w":-0.44137677550315859},"size":1.6879003047943116,"orthographic":true}