{"cameraMode":{"drawMode":0,"name":"Shaded","section":"Shading Mode"},"sceneLighting":true,"audioPlay":false,"sceneViewState":{"m_AlwaysRefresh":false,"showFog":true,"showSkybox":true,"showFlares":true,"showImageEffects":true,"showParticleSystems":true,"showVisualEffectGraphs":true,"m_FxEnabled":true},"in2DMode":false,"pivot":{"x":-2.5348570346832277,"y":-0.10225871205329895,"z":0.5898070335388184},"rotation":{"x":0.17419317364692689,"y":-0.6295745372772217,"z":0.1476762741804123,"w":0.7426213622093201},"size":2.7909200191497804,"orthographic":false}