{"cameraMode":{"drawMode":0,"name":"Shaded","section":"Shading Mode"},"sceneLighting":true,"audioPlay":false,"sceneViewState":{"m_AlwaysRefresh":false,"showFog":true,"showSkybox":true,"showFlares":true,"showImageEffects":true,"showParticleSystems":true,"showVisualEffectGraphs":true,"m_FxEnabled":true},"in2DMode":false,"pivot":{"x":6.4737772941589359,"y":-9.586453437805176,"z":18.014041900634767},"rotation":{"x":0.2040262669324875,"y":0.17283067107200623,"z":-0.03662256523966789,"w":0.9628970623016357},"size":16.122745513916017,"orthographic":false}