{"cameraMode":{"drawMode":0,"name":"Shaded","section":"Shading Mode"},"sceneLighting":false,"audioPlay":false,"sceneViewState":{"m_AlwaysRefresh":false,"showFog":true,"showSkybox":false,"showFlares":true,"showImageEffects":true,"showParticleSystems":true,"showVisualEffectGraphs":true,"m_FxEnabled":true},"in2DMode":false,"pivot":{"x":0.2201734185218811,"y":-0.0127345509827137,"z":0.5399107336997986},"rotation":{"x":0.1963726282119751,"y":-0.7099941372871399,"z":0.21776145696640016,"w":0.6402591466903687},"size":0.4807523190975189,"orthographic":true}