{"cameraMode":{"drawMode":0,"name":"Shaded","section":"Shading Mode"},"sceneLighting":false,"audioPlay":false,"sceneViewState":{"m_AlwaysRefresh":false,"showFog":true,"showSkybox":false,"showFlares":true,"showImageEffects":true,"showParticleSystems":true,"showVisualEffectGraphs":true,"m_FxEnabled":true},"in2DMode":false,"pivot":{"x":-0.14454562962055207,"y":0.14262700080871583,"z":0.43149304389953616},"rotation":{"x":0.10608396679162979,"y":-0.5056084394454956,"z":0.0628134235739708,"w":0.853909432888031},"size":1.2315752506256104,"orthographic":true}