{"cameraMode":{"drawMode":0,"name":"Shaded","section":"Shading Mode"},"sceneLighting":false,"audioPlay":false,"sceneViewState":{"m_AlwaysRefresh":false,"showFog":true,"showSkybox":false,"showFlares":true,"showImageEffects":true,"showParticleSystems":true,"showVisualEffectGraphs":true,"m_FxEnabled":true},"in2DMode":false,"pivot":{"x":0.21373982727527619,"y":0.0024143869522958996,"z":0.5024586915969849},"rotation":{"x":0.2599429786205292,"y":-0.6273316144943237,"z":0.2344125658273697,"w":0.6956587433815002},"size":0.6948553323745728,"orthographic":true}