{"cameraMode":{"drawMode":0,"name":"Shaded","section":"Shading Mode"},"sceneLighting":false,"audioPlay":false,"sceneViewState":{"m_AlwaysRefresh":false,"showFog":true,"showSkybox":false,"showFlares":true,"showImageEffects":true,"showParticleSystems":true,"showVisualEffectGraphs":true,"m_FxEnabled":true},"in2DMode":false,"pivot":{"x":-1.7179564237594605,"y":0.12732134759426118,"z":2.722407817840576},"rotation":{"x":0.13263840973377229,"y":0.8212709426879883,"z":-0.21250684559345246,"w":0.5126058459281921},"size":1.1935336589813233,"orthographic":false}